id,title,price,thumbnail_id,catalog_product_id,listing_type_id,permalink,buying_mode
MLA1700032138,Consola Xbox Series S 512gb Digital Blanco,679529,884872-MLU72604144324_112023,MLA16650345,gold_pro,https://www.mercadolibre.com.ar/consola-xbox-series-s-512gb-digital-blanco/p/MLA16650345,buy_it_now
MLA1426257403,Microsoft Xbox Series S 512gb Bundle 3 Meses Game Pass  Color Blanco,599000,711208-MLU74110320165_012024,MLA28571311,gold_special,https://www.mercadolibre.com.ar/microsoft-xbox-series-s-512gb-bundle-3-meses-game-pass-color-blanco/p/MLA28571311,buy_it_now
MLA1426141873,Consola Xbox One S Edicion Especial Fornite 512gb  Original,1214998.65,889990-MLA76328204719_052024,MLA16650344,gold_pro,https://articulo.mercadolibre.com.ar/MLA-1426141873-consola-xbox-one-s-edicion-especial-fornite-512gb-original-_JM,buy_it_now
MLA1700734558,Consola Xbox One S Edicion Especial Fornite 512gb  Original,791999.12,805929-MLU72675217442_112023,MLA16650344,gold_special,https://articulo.mercadolibre.com.ar/MLA-1700734558-consola-xbox-one-s-edicion-especial-fornite-512gb-original-_JM,buy_it_now
MLA1417622449,Consola-xbox-series-s-1tb Negro,1100000,731787-MLA75234095096_032024,MLA16650344,gold_special,https://articulo.mercadolibre.com.ar/MLA-1417622449-consola-xbox-series-s-1tb-negro-_JM,buy_it_now
MLA1407286993,Xbox One S 500 Gb Con Lectora Y 1 Joystick ,380000,615929-MLA74308962646_022024,MLA23690824,gold_special,https://articulo.mercadolibre.com.ar/MLA-1407286993-xbox-one-s-500-gb-con-lectora-y-1-joystick-_JM,buy_it_now
MLA1767852644,Xbox One S 500 Gb Con Lectora Y 3 Joystick ,440000,825318-MLA76095074462_052024,MLA6483219,gold_special,https://articulo.mercadolibre.com.ar/MLA-1767852644-xbox-one-s-500-gb-con-lectora-y-3-joystick-_JM,buy_it_now
MLA1426181043,Xbox One S + Joystick,360000,723539-MLA76328240867_052024,MLA21206939,gold_pro,https://articulo.mercadolibre.com.ar/MLA-1426181043-xbox-one-s-joystick-_JM,buy_it_now
MLA1770379788,Xbox One S De 1 Tb Con Dos Controles,450000,798660-MLA76141455964_052024,MLA23690824,gold_special,https://articulo.mercadolibre.com.ar/MLA-1770379788-xbox-one-s-de-1-tb-con-dos-controles-_JM,buy_it_now
MLA1634854022,Xbox One  500gb Americana + 2 Joysticks + 3 Juegos,300000,994073-MLA53370027047_012023,MLA6483219,gold_special,https://articulo.mercadolibre.com.ar/MLA-1634854022-xbox-one-500gb-americana-2-joysticks-3-juegos-_JM,buy_it_now
MLA1746607234,Xbox One S - Excelente Estado,330000,769772-MLA75750289472_042024,,gold_special,https://articulo.mercadolibre.com.ar/MLA-1746607234-xbox-one-s-excelente-estado-_JM,buy_it_now
MLA1762551488,Xbox One S 500gb 2 Controles,330000,704753-MLA76009046924_052024,MLA23690824,gold_special,https://articulo.mercadolibre.com.ar/MLA-1762551488-xbox-one-s-500gb-2-controles-_JM,buy_it_now
MLA1751282720,Xbox One Serie S 512gb ,560000,911926-MLA75990765241_042024,MLA23238938,gold_pro,https://articulo.mercadolibre.com.ar/MLA-1751282720-xbox-one-serie-s-512gb-_JM,buy_it_now
MLA1403223363,Xbox One S 1tb Con 1 Mando Con Kit De Cargado,360000,995195-MLA74088009045_012024,MLA24520655,gold_special,https://articulo.mercadolibre.com.ar/MLA-1403223363-xbox-one-s-1tb-con-1-mando-con-kit-de-cargado-_JM,buy_it_now
MLA1760038170,Microsoft Xbox One S 500 Gb - Muy Poco Uso,380000,945016-MLA75635043080_042024,,gold_special,https://articulo.mercadolibre.com.ar/MLA-1760038170-microsoft-xbox-one-s-500-gb-muy-poco-uso-_JM,buy_it_now
MLA1369055172,Xbox One S,400000,802771-MLA49963061280_052022,MLA15584865,gold_special,https://articulo.mercadolibre.com.ar/MLA-1369055172-xbox-one-s-_JM,buy_it_now
MLA1425784809,Xbox Serie S 512 Con 2 Controles Como Nueva ¡en Caja!,850000,789027-MLA76277180495_052024,MLA6483219,gold_pro,https://articulo.mercadolibre.com.ar/MLA-1425784809-xbox-serie-s-512-con-2-controles-como-nueva-en-caja-_JM,buy_it_now
MLA1726968794,Microsoft Xbox One S _ 2 Controles Cables Manuales Impecable,385000,855133-MLA75487503264_042024,MLA22433240,gold_special,https://articulo.mercadolibre.com.ar/MLA-1726968794-microsoft-xbox-one-s-2-controles-cables-manuales-impecable-_JM,buy_it_now
MLA1640803824,Consola De Video Juegos Xbox One S,360000,810551-MLA74220380630_012024,MLA22433239,gold_special,https://articulo.mercadolibre.com.ar/MLA-1640803824-consola-de-video-juegos-xbox-one-s-_JM,buy_it_now
MLA1731334296,Consola De Xbox 360 ,130000,797850-MLA75630455709_042024,MLA23690824,gold_special,https://articulo.mercadolibre.com.ar/MLA-1731334296-consola-de-xbox-360-_JM,buy_it_now
MLA1620334496,X Box One S Con Juegos,425000,854968-MLA73828755295_012024,MLA24520655,gold_pro,https://articulo.mercadolibre.com.ar/MLA-1620334496-x-box-one-s-con-juegos-_JM,buy_it_now
MLA1426152105,Xbox Series S 512gb,750000,815304-MLA76327338387_052024,MLA21206939,gold_special,https://articulo.mercadolibre.com.ar/MLA-1426152105-xbox-series-s-512gb-_JM,buy_it_now
MLA1401590185,X Box One  S   500 Gb,465000,925147-MLA73763999192_012024,MLA20370655,gold_special,https://articulo.mercadolibre.com.ar/MLA-1401590185-x-box-one-s-500-gb-_JM,buy_it_now
MLA1393314569,Microsoft Xbox One S 1tb All-digital Edition Exc Sinjoystick,320000,989854-MLA72390936698_102023,MLA15914889,gold_special,https://articulo.mercadolibre.com.ar/MLA-1393314569-microsoft-xbox-one-s-1tb-all-digital-edition-exc-sinjoystick-_JM,buy_it_now
MLA1703827952,Microsoft Xbox One S 500gb Minecraft Favorites Bundle,436000,708820-MLA74933554784_032024,MLA6304206,gold_pro,https://articulo.mercadolibre.com.ar/MLA-1703827952-microsoft-xbox-one-s-500gb-minecraft-favorites-bundle-_JM,buy_it_now
MLA1421913441,Xbox One S 1tb Impecable,350000,943278-MLA75774000723_042024,MLA6483219,gold_special,https://articulo.mercadolibre.com.ar/MLA-1421913441-xbox-one-s-1tb-impecable-_JM,buy_it_now
MLA1421821177,Xbox One S,415000,612558-MLA75688499889_042024,MLA23690824,gold_special,https://articulo.mercadolibre.com.ar/MLA-1421821177-xbox-one-s-_JM,buy_it_now
MLA1692665924,Xbox One S,500000,798783-MLA74916182997_032024,MLA20370655,gold_special,https://articulo.mercadolibre.com.ar/MLA-1692665924-xbox-one-s-_JM,buy_it_now
MLA1681598338,Xbox One S 1tb,470000,720153-MLA74600253304_022024,MLA22433239,gold_special,https://articulo.mercadolibre.com.ar/MLA-1681598338-xbox-one-s-1tb-_JM,buy_it_now
MLA1748716804,Xbox One S 1tb Edición Especial Fortnite,380000,761431-MLA74451216136_022024,MLA24520655,gold_special,https://articulo.mercadolibre.com.ar/MLA-1748716804-xbox-one-s-1tb-edicion-especial-fortnite-_JM,buy_it_now
MLA1553260650,Xbox One S 2tb Edición Especial,600000,734093-MLA44600926515_012021,MLA6483219,gold_special,https://articulo.mercadolibre.com.ar/MLA-1553260650-xbox-one-s-2tb-edicion-especial-_JM,buy_it_now
MLA1749248022,Consola Xbox One Impecable,380000,792661-MLA75954987521_042024,MLA23690824,gold_special,https://articulo.mercadolibre.com.ar/MLA-1749248022-consola-xbox-one-impecable-_JM,buy_it_now
MLA1658141408,"Xbox One S - 500 Gb, Usada En Buen Estado + 1 Joystick",370000,603433-MLA74279531106_022024,MLA20370655,gold_special,https://articulo.mercadolibre.com.ar/MLA-1658141408-xbox-one-s-500-gb-usada-en-buen-estado-1-joystick-_JM,buy_it_now
MLA1731382574,Xbox One S,400000,766055-MLA75628742381_042024,MLA23690824,gold_pro,https://articulo.mercadolibre.com.ar/MLA-1731382574-xbox-one-s-_JM,buy_it_now
MLA1634131856,Xbox One S Con 2 Joystick,580000,882535-MLA74055889749_012024,MLA6483219,gold_special,https://articulo.mercadolibre.com.ar/MLA-1634131856-xbox-one-s-con-2-joystick-_JM,buy_it_now
MLA1754614084,Microsoft Xbox One S 1tb + 2 Joystick,460000,626664-MLA75931144079_042024,MLA6483219,gold_special,https://articulo.mercadolibre.com.ar/MLA-1754614084-microsoft-xbox-one-s-1tb-2-joystick-_JM,buy_it_now
MLA1757355946,X-box One S 1tb,480000,821156-MLA74578936386_022024,MLA23690824,gold_pro,https://articulo.mercadolibre.com.ar/MLA-1757355946-x-box-one-s-1tb-_JM,buy_it_now
MLA1760962522,Xbox One S,370000,847026-MLA76160953549_052024,MLA23690824,gold_special,https://articulo.mercadolibre.com.ar/MLA-1760962522-xbox-one-s-_JM,buy_it_now
MLA1401193233,Xbox One S,550000,940417-MLA73779624019_012024,MLA6483219,gold_special,https://articulo.mercadolibre.com.ar/MLA-1401193233-xbox-one-s-_JM,buy_it_now
MLA1757172360,Xbox 360 Slim,180000,972235-MLA76109713449_042024,MLA23690824,gold_special,https://articulo.mercadolibre.com.ar/MLA-1757172360-xbox-360-slim-_JM,buy_it_now
MLA1377225049,Microsoft Xbox One S 1tb Standard  Color Blanco + 1 Mando,435000,821159-MLA70507364115_072023,MLA6483219,gold_special,https://articulo.mercadolibre.com.ar/MLA-1377225049-microsoft-xbox-one-s-1tb-standard-color-blanco-1-mando-_JM,buy_it_now
MLA1718185712,Xbox One S A Reparar Apaga Y Prende ,160000,851710-MLA75230279292_032024,MLA23690824,gold_special,https://articulo.mercadolibre.com.ar/MLA-1718185712-xbox-one-s-a-reparar-apaga-y-prende-_JM,buy_it_now
MLA1695045214,Xbox One S,635000,976783-MLA74958279449_032024,MLA23690824,gold_pro,https://articulo.mercadolibre.com.ar/MLA-1695045214-xbox-one-s-_JM,buy_it_now
MLA1694993460,Xbox One S,460000,631798-MLA74958425147_032024,MLA23690824,gold_special,https://articulo.mercadolibre.com.ar/MLA-1694993460-xbox-one-s-_JM,buy_it_now
MLA1423860095,Xbox One S 1tb,350000,946240-MLA76069819127_042024,MLA23690824,gold_special,https://articulo.mercadolibre.com.ar/MLA-1423860095-xbox-one-s-1tb-_JM,buy_it_now
MLA1414346067,Xbox One S 1tb,350000,703473-MLA75082533789_032024,MLA23690824,gold_special,https://articulo.mercadolibre.com.ar/MLA-1414346067-xbox-one-s-1tb-_JM,buy_it_now
MLA763700980,Xbox One S 2tb Gears Of War 4 + 2 Joystick + Halo 5,550000,885676-MLA31604347415_072019,,gold_special,https://articulo.mercadolibre.com.ar/MLA-763700980-xbox-one-s-2tb-gears-of-war-4-2-joystick-halo-5-_JM,buy_it_now
MLA1758292046,Xbox One S 1t +  2 Controles Inalambricos Y Juegos! ,1000000,605494-MLA75952087800_052024,MLA23690824,gold_special,https://articulo.mercadolibre.com.ar/MLA-1758292046-xbox-one-s-1t-2-controles-inalambricos-y-juegos-_JM,buy_it_now
MLA1421628159,Xbox One,500800,719342-MLA75783762953_042024,MLA21206939,gold_special,https://articulo.mercadolibre.com.ar/MLA-1421628159-xbox-one-_JM,buy_it_now
MLA1623952700,Microsoft Xbox One S 500gb Battlefield 1 Bundle ,430000,730656-MLA73895083133_012024,MLA15192533,gold_special,https://articulo.mercadolibre.com.ar/MLA-1623952700-microsoft-xbox-one-s-500gb-battlefield-1-bundle-_JM,buy_it_now
